{
  "thingys": [
      {
        "pos": {
          "x": 0.00163192,
          "y": -0.008684133,
          "z": 0
        },
        "scale": {
          "x": 0.02337814,
          "y": 0.05191299,
          "z": 0
        },
        "layer": 0,
        "thingyName": "stageback"
      },
      {
        "pos": {
          "x": 0.00163192,
          "y": -0.2024385,
          "z": 0
        },
        "scale": {
          "x": 0.02337814,
          "y": 0.05191299,
          "z": 1
        },
        "layer": 1,
        "thingyName": "stagefront"
      },
      {
        "pos": {
          "x": 0.004055643,
          "y": 0.1474329,
          "z": 0
        },
        "scale": {
          "x": 0.02337814,
          "y": 0.05191299,
          "z": 1
        },
        "layer": 2,
        "thingyName": "stagecurtains"
      }
  ],
  "chars": {
      "bf": {
        "pos": {
          "x": 7.77972,
          "y": -1.41,
          "z": -0.04201715
        },
        "layer": 5
      },
      "gf": {
        "pos": {
          "x": 1.96972,
          "y": 0.62,
          "z": -0.04201715
        },
        "layer": 2
      },
      "op": {
        "pos": {
          "x": -3.3,
          "y": -0.27,
          "z": -0.04201715
        },
        "layer": 2
      }
    }
}
