{
    "scale": {"x": 6.486194, "y": 6.486194, "z":6.486194},
    "newPos": {"x": -4.27, "y": -2.54, "z": -0.042017},
    "opFlip": 1
}