{
    "scale": {"x": 0.82322, "y":0.82322, "z": 0.82322},
    "newPos": {"x": -0.65, "y": -1.44, "z": -0.042017},
    "opFlip": false
 }