{
    "scale": {"x": 0.82322, "y":0.82322, "z": 0.82322},
    "newPos": {"x": -3.09, "y": -1.6, "z": -0.042017},
    "opFlip": false
 }