{
    "scale": {"x": 1, "y":1, "z": 1},
    "newPos": {"x": -0.3240756, "y": 0.02398575, "z": -0.04060119},
    "opFlip": true
 }