{
    "scale": {"x": 6.222226, "y":6.222226, "z": 6.222226},
    "newPos": {"x": -3.09, "y": -0.3, "z": -0.042017},
    "opFlip": false
 }