{
    "sprite": "evil",
    "scale": {"x": 7.6645, "y": 7.6645, "z": 7.6645},
    "pos": {"x": 0, "y": -2.93, "z": 0},
    "layer": 25,
    "port":{
        "pos": {"x": -6.051122, "y": -0.08, "z": 0},
        "scale": {"x": 2.677227, "y":2.677227, "z": 2.677227}
    }
}